target,collocate,exp_local,obs_local,ratio_local,obs_global,p_value
老残,人瑞,18.288709677419355,37,2.0231060940118177,207,2.0398466548110505e-05
老残,说道,9.541935483870967,17,1.781609195402299,108,0.013065703844977183
老残,坐下,3.0922939068100357,13,4.203998840915677,35,4.093914096170437e-06
老残,行李,3.2689964157706095,11,3.3649470971986184,37,0.0002336051989624277
老残,翠环,4.947670250896057,10,2.021153288901768,56,0.02311855447076694
老残,只好,3.2689964157706095,10,3.0590428156351077,37,0.0010306697922969343
老残,一看,2.5621863799283155,10,3.9029166958103096,29,0.00011316055426890959
老残,心里,3.710752688172043,9,2.425383946682121,42,0.009666772480598107
老残,次日,2.4738351254480286,9,3.638075920023182,28,0.00045613582818360143
老残,掌柜的,3.0922939068100357,9,2.9104607360185457,35,0.0026659251611420576
老残,原来,4.06415770609319,8,1.9684275509304172,46,0.04597508351710944
老残,问道,2.650537634408602,8,3.0182555780933065,30,0.003576148394272338
老残,店里,3.975806451612903,8,2.0121703853955375,45,0.04101114736860478
老残,却说,1.413620071684588,7,4.951825557809331,16,0.00022712971505545188
老残,房里,2.4738351254480286,7,2.8296146044624746,28,0.00924019137382115
老残,门口,1.9437275985663083,7,3.601327678406786,22,0.002118265183399304
老残,告诉,2.827240143369176,7,2.4759127789046653,32,0.01931928004789396
老残,申东造,0.9718637992831541,7,7.202655356813572,11,9.71452502031636e-06
老残,东造,3.003942652329749,7,2.3302708507338026,34,0.02650324748820687
老残,店家,1.7670250896057347,7,3.9614604462474645,20,0.0011252773059973187
老残,翠花,3.1806451612903226,7,2.2008113590263694,36,0.03531973824298906
老残,江南,1.060215053763441,6,5.659229208924949,12,0.0002684376806153883
老残,差人,2.4738351254480286,6,2.425383946682121,28,0.03246648794272444
老残,连忙,2.120430107526882,6,2.8296146044624746,24,0.01565782611323807
老残,二字,1.325268817204301,5,3.772819472616633,15,0.007498819109634569
老残,慌忙,1.5903225806451613,5,3.1440162271805274,18,0.017147878894096746
老残,想道,0.7951612903225806,5,6.288032454361055,9,0.0004923046200538028
老残,上首,0.8835125448028673,5,5.659229208924949,10,0.0009134054288302481
老残,省城,0.9718637992831541,5,5.144753826295409,11,0.0015537508176050041
老残,县里,2.032078853046595,5,2.4605344386630215,23,0.04676193237659265
老残,一遍,1.5903225806451613,5,3.1440162271805274,18,0.017147878894096746
老残,坐在,1.413620071684588,4,2.8296146044624746,16,0.04654340803574808
老残,认得,1.413620071684588,4,2.8296146044624746,16,0.04654340803574808
老残,两家,0.7951612903225806,4,5.0304259634888435,9,0.0052897536923309785
老残,房门,1.060215053763441,4,3.7728194726166326,12,0.016778121651981226
老残,大叫,0.8835125448028673,4,4.52738336713996,10,0.00820731921542639
老残,诧异,0.9718637992831541,4,4.115803061036327,11,0.012009358317915275
老残,前日,1.060215053763441,4,3.7728194726166326,12,0.016778121651981226
老残,袍子,0.9718637992831541,4,4.115803061036327,11,0.012009358317915275
老残,点点头,1.2369175627240143,4,3.2338452622428284,14,0.029455683841891456
老残,屋子,1.1485663082437276,4,3.482602590107661,13,0.022578061554436757
老残,辛苦,0.5301075268817205,3,5.659229208924949,6,0.011190826495606395
老残,治病,0.353405017921147,3,8.488843813387422,4,0.0025625941660158587
老残,小小,0.706810035842294,3,4.244421906693711,8,0.027403709497518358
老残,东昌府,0.6184587813620072,3,4.850767893364242,7,0.018311401220553636
老残,所说,0.7951612903225806,3,3.7728194726166326,9,0.038460687409887506
老残,想起,0.6184587813620072,3,4.850767893364242,7,0.018311401220553636
老残,回寓,0.44175627240143367,3,6.7910750507099396,5,0.005986252189979159
老残,拱手,0.5301075268817205,3,5.659229208924949,6,0.011190826495606395
老残,望外,0.26505376344086023,3,11.318458417849898,3,0.0006858425791206201
老残,颜色,0.6184587813620072,3,4.850767893364242,7,0.018311401220553636
老残,下首,0.353405017921147,3,8.488843813387422,4,0.0025625941660158587
老残,费心,0.6184587813620072,3,4.850767893364242,7,0.018311401220553636
老残,收尸,0.353405017921147,3,8.488843813387422,4,0.0025625941660158587
老残,狐裘,0.26505376344086023,3,11.318458417849898,3,0.0006858425791206201
老残,三百,0.706810035842294,3,4.244421906693711,8,0.027403709497518358
老残,店小二,0.6184587813620072,3,4.850767893364242,7,0.018311401220553636
老残,笔来,0.26505376344086023,3,11.318458417849898,3,0.0006858425791206201
老残,环翠,0.6184587813620072,3,4.850767893364242,7,0.018311401220553636
老残,进省,0.6184587813620072,3,4.850767893364242,7,0.018311401220553636
老残,二十年,0.353405017921147,2,5.659229208924949,4,0.04144307714286603
老残,老家,0.353405017921147,2,5.659229208924949,4,0.04144307714286603
老残,徐州,0.26505376344086023,2,7.545638945233265,3,0.022002835654467753
老残,摇个,0.353405017921147,2,5.659229208924949,4,0.04144307714286603
老残,奔走,0.353405017921147,2,5.659229208924949,4,0.04144307714286603
老残,至友,0.1767025089605735,2,11.318458417849898,2,0.007791506937628184
老残,德慧生,0.353405017921147,2,5.659229208924949,4,0.04144307714286603
老残,天风,0.26505376344086023,2,7.545638945233265,3,0.022002835654467753
老残,海水,0.26505376344086023,2,7.545638945233265,3,0.022002835654467753
老残,洗完,0.26505376344086023,2,7.545638945233265,3,0.022002835654467753
老残,锁上,0.353405017921147,2,5.659229208924949,4,0.04144307714286603
老残,步到,0.1767025089605735,2,11.318458417849898,2,0.007791506937628184
老残,河堤,0.1767025089605735,2,11.318458417849898,2,0.007791506937628184
老残,西南,0.353405017921147,2,5.659229208924949,4,0.04144307714286603
老残,湾子,0.353405017921147,2,5.659229208924949,4,0.04144307714286603
老残,过此,0.26505376344086023,2,7.545638945233265,3,0.022002835654467753
老残,正东,0.1767025089605735,2,11.318458417849898,2,0.007791506937628184
老残,河面,0.353405017921147,2,5.659229208924949,4,0.04144307714286603
老残,那年,0.26505376344086023,2,7.545638945233265,3,0.022002835654467753
老残,收检,0.1767025089605735,2,11.318458417849898,2,0.007791506937628184
老残,幸而,0.26505376344086023,2,7.545638945233265,3,0.022002835654467753
老残,下船,0.26505376344086023,2,7.545638945233265,3,0.022002835654467753
老残,当晚,0.353405017921147,2,5.659229208924949,4,0.04144307714286603
老残,谢谢,0.353405017921147,2,5.659229208924949,4,0.04144307714286603
老残,上车,0.26505376344086023,2,7.545638945233265,3,0.022002835654467753
老残,布政司,0.26505376344086023,2,7.545638945233265,3,0.022002835654467753
老残,步行,0.353405017921147,2,5.659229208924949,4,0.04144307714286603
老残,为难,0.353405017921147,2,5.659229208924949,4,0.04144307714286603
老残,写著,0.26505376344086023,2,7.545638945233265,3,0.022002835654467753
老残,鼓书,0.1767025089605735,2,11.318458417849898,2,0.007791506937628184
老残,名字,0.353405017921147,2,5.659229208924949,4,0.04144307714286603
老残,作揖,0.353405017921147,2,5.659229208924949,4,0.04144307714286603
老残,寓中,0.1767025089605735,2,11.318458417849898,2,0.007791506937628184
老残,棉袍子,0.353405017921147,2,5.659229208924949,4,0.04144307714286603
老残,金泉,0.1767025089605735,2,11.318458417849898,2,0.007791506937628184
老残,书院,0.1767025089605735,2,11.318458417849898,2,0.007791506937628184
老残,坐定,0.26505376344086023,2,7.545638945233265,3,0.022002835654467753
老残,关照,0.26505376344086023,2,7.545638945233265,3,0.022002835654467753
老残,破书,0.1767025089605735,2,11.318458417849898,2,0.007791506937628184
老残,盘桓,0.1767025089605735,2,11.318458417849898,2,0.007791506937628184
老残,四百,0.353405017921147,2,5.659229208924949,4,0.04144307714286603
老残,迷迷,0.26505376344086023,2,7.545638945233265,3,0.022002835654467753
老残,这桌,0.1767025089605735,2,11.318458417849898,2,0.007791506937628184
老残,请客,0.1767025089605735,2,11.318458417849898,2,0.007791506937628184
老残,本店,0.1767025089605735,2,11.318458417849898,2,0.007791506937628184
老残,明间,0.26505376344086023,2,7.545638945233265,3,0.022002835654467753
老残,讲明,0.1767025089605735,2,11.318458417849898,2,0.007791506937628184
老残,政绩,0.26505376344086023,2,7.545638945233265,3,0.022002835654467753
老残,提起,0.26505376344086023,2,7.545638945233265,3,0.022002835654467753
老残,世道,0.353405017921147,2,5.659229208924949,4,0.04144307714286603
老残,叹息,0.353405017921147,2,5.659229208924949,4,0.04144307714286603
老残,无法,0.26505376344086023,2,7.545638945233265,3,0.022002835654467753
老残,想个,0.353405017921147,2,5.659229208924949,4,0.04144307714286603
老残,法则,0.353405017921147,2,5.659229208924949,4,0.04144307714286603
老残,小惠,0.26505376344086023,2,7.545638945233265,3,0.022002835654467753
老残,板书,0.353405017921147,2,5.659229208924949,4,0.04144307714286603
老残,过年,0.1767025089605735,2,11.318458417849898,2,0.007791506937628184
老残,揭起,0.26505376344086023,2,7.545638945233265,3,0.022002835654467753
老残,贵处,0.1767025089605735,2,11.318458417849898,2,0.007791506937628184
老残,羊皮,0.26505376344086023,2,7.545638945233265,3,0.022002835654467753
老残,二两,0.1767025089605735,2,11.318458417849898,2,0.007791506937628184
老残,恭恭敬敬,0.1767025089605735,2,11.318458417849898,2,0.007791506937628184
老残,奉上,0.1767025089605735,2,11.318458417849898,2,0.007791506937628184
老残,黑烟,0.26505376344086023,2,7.545638945233265,3,0.022002835654467753
老残,淘气,0.26505376344086023,2,7.545638945233265,3,0.022002835654467753
老残,说起,0.26505376344086023,2,7.545638945233265,3,0.022002835654467753
老残,随著,0.26505376344086023,2,7.545638945233265,3,0.022002835654467753
老残,炕沿,0.353405017921147,2,5.659229208924949,4,0.04144307714286603
老残,用布,0.1767025089605735,2,11.318458417849898,2,0.007791506937628184
老残,递到,0.26505376344086023,2,7.545638945233265,3,0.022002835654467753
老残,惊天动地,0.26505376344086023,2,7.545638945233265,3,0.022002835654467753
老残,抚摩,0.1767025089605735,2,11.318458417849898,2,0.007791506937628184
老残,著翠环,0.26505376344086023,2,7.545638945233265,3,0.022002835654467753
老残,恰好,0.353405017921147,2,5.659229208924949,4,0.04144307714286603
老残,胡举,0.353405017921147,2,5.659229208924949,4,0.04144307714286603
老残,急忙,0.1767025089605735,2,11.318458417849898,2,0.007791506937628184
老残,一扯,0.1767025089605735,2,11.318458417849898,2,0.007791506937628184
老残,住手,0.1767025089605735,2,11.318458417849898,2,0.007791506937628184
老残,请厅,0.1767025089605735,2,11.318458417849898,2,0.007791506937628184
老残,瑞拉,0.1767025089605735,2,11.318458417849898,2,0.007791506937628184
老残,省去,0.26505376344086023,2,7.545638945233265,3,0.022002835654467753
老残,老先生,0.1767025089605735,2,11.318458417849898,2,0.007791506937628184
老残,夫妇,0.26505376344086023,2,7.545638945233265,3,0.022002835654467753
